Date,Close/Last,Volume,Open,High,Low,DAY
02/24/2020,61.76,26903120,61.614,62.77,61.32,0
02/25/2020,59.73,34495730,61.99,62.28,59.46,1
02/26/2020,59.65,26217740,60.11,60.82,59.27,2
02/27/2020,55.83,42226860,57.93,58.51,55.8,3
02/28/2020,55.52,60728000,54.3,56.38,53.6,4
03/02/2020,58.18,43140300,55.79,58.22,54.52,5
03/03/2020,55.97,49740280,58.03,59.02,55.4,6
03/04/2020,58.68,29223070,57.01,58.71,56.16,7
03/05/2020,56.96,29099160,57.06,58.66,56.61,8
03/06/2020,55.77,36259160,55.18,56.01,54.54,9
03/09/2020,50.85,56196980,51.92,52.71,50,10
03/10/2020,53.98,36568950,52.76,54,50.43,11
03/11/2020,51.66,38573960,52.39,53.54,51.01,12
03/12/2020,45.54,50661750,47.99,50.091,45.37,13
03/13/2020,54.43,48805060,48.26,55,47.74,14
03/16/2020,44.61,53878940,47.51,52.25,43.63,15
03/17/2020,50.08,52085160,45.755,51.63,45.2,16
03/18/2020,47.61,49309880,46.71,50.05,45.2,17
03/19/2020,45.94,44538030,47.84,49.23,45.16,18
03/20/2020,45.83,52344050,46.51,49.42,45.47,19
03/23/2020,49.58,46698480,46.02,50.49,45.9132,20
03/24/2020,52.4,50019750,53.14,54.64,51.35,21
03/25/2020,51.26,41106060,52.48,53.785,49.91,22
03/26/2020,55.54,41475410,51.74,55.95,51.66,23
03/27/2020,52.37,31633490,53.42,54.64,52.065,24
03/30/2020,55.49,31628610,52.99,56.1,52.83,25
03/31/2020,54.12,48081860,55.06,55.795,53.22,26
04/01/2020,51.88,29586560,52.5,54.69,51.43,27
04/02/2020,54.35,27809990,51.29,54.56,51.22,28
04/03/2020,54.13,23906060,53.85,55.13,52.73,29
04/06/2020,58.43,32323390,56.63,58.77,56.12,30
04/07/2020,58.4,41410010,59.94,61.49,58.21,31
04/08/2020,58.98,26719500,58.99,59.51,57.91,32
04/09/2020,57.14,40515420,59.36,59.72,56.06,33
04/13/2020,58.7,23251940,56.57,58.77,56.57,34
04/14/2020,60.66,25673990,60.038,60.9,59.51,35
04/15/2020,58.87,22841550,59.74,59.83,58.385,36
04/16/2020,60.79,24433520,59.61,60.96,58.81,37
04/17/2020,60.36,27385640,62.02,62.13,59.825,38
04/20/2020,59.18,26419610,59.279,60.04,58.89,39
04/21/2020,56.36,25248030,58.11,58.6,55.93,40
04/22/2020,60.1,23443750,58.27,60.5,57.81,41
04/23/2020,59.04,35091950,59.674,60.1,58.81,42
04/24/2020,59.26,50220510,56.2,59.4,56.1,43
04/27/2020,59.47,25902240,59.72,59.83,58.385,44
04/28/2020,58.75,28784710,59.99,60.22,58.26,45
04/29/2020,61.8,30451540,59.44,62.03,59.32,46
04/30/2020,59.98,26279880,61.367,61.54,59.75,47
05/01/2020,57.47,21194800,58.83,59.32,57.31,48
05/04/2020,57.99,18957230,57.12,58.07,56.31,49
05/05/2020,58.75,17252060,58.79,59.3,58.35,50
05/06/2020,59.18,17848660,59.04,59.95,58.94,51
05/07/2020,59.17,14733520,59.93,60.0969,58.92,52
05/08/2020,59.67,20391090,59.669,59.78,59.05,53
05/11/2020,60.13,18684440,59.74,60.84,59.71,54
05/12/2020,58.39,16754900,60.22,60.64,58.26,55
05/13/2020,57.74,21064970,58.45,59.23,56.9,56
05/14/2020,59.08,21569350,57.32,59.15,56.1,57
05/15/2020,58.28,21373270,57.4,58.37,56.96,58
05/18/2020,59.92,20443710,59.741,60.28,59.36,59
05/19/2020,60.29,21865010,60.13,61.77,59.85,60
05/20/2020,63.1,30583990,61.16,63.489,61.02,61
05/21/2020,61.98,20987740,63.095,63.8,61.82,62
05/22/2020,62.255,14103010,61.98,62.32,61.42,63
05/26/2020,62.34,20933560,63.68,64.14,62.12,64
05/27/2020,63.56,19886270,62.32,63.59,61.07,65
05/28/2020,61.7,17264130,63,63.45,61.49,66
05/29/2020,62.93,33395740,61.9,63.66,61.62,67
06/01/2020,61.86,14329040,62.485,62.66,61.66,68
06/02/2020,62.12,20702350,61.7,62.17,60.825,69
06/03/2020,61.93,16737270,62.45,62.54,61.53,70
06/04/2020,62.97,22010140,61.74,63.47,61.3438,71
06/05/2020,64.34,26813100,63.36,65.11,63.16,72
06/08/2020,63.67,21546180,63.97,64.15,62.94,73
06/09/2020,63.04,23594130,62.994,63.71,62.9,74
06/10/2020,63.87,21367850,62.79,64.289,62.75,75
06/11/2020,59.7,26998240,63.07,63.3,59.52,76
06/12/2020,59.33,30419770,60.11,60.96,58.121,77
06/15/2020,60.1,29651720,59.33,60.36,58.58,78
06/16/2020,60.4,23226630,61.49,61.65,59.49,79
06/17/2020,60.49,20454770,60.74,61.28,60.06,80
06/18/2020,60.08,24899700,60.35,60.51,59.32,81
06/19/2020,59.62,60324580,60.65,60.89,59.1,82
06/22/2020,60.09,22846010,59.73,60.545,58.83,83
06/23/2020,59.92,22809580,60.19,60.47,59.8612,84
06/24/2020,59.09,27764480,59.64,59.805,58.67,85
06/25/2020,58.51,21906940,58.98,59.09,57.48,86
06/26/2020,57.5,38477510,58.49,58.73,57.07,87
06/29/2020,58.27,22150270,57.47,58.35,56.76,88
06/30/2020,59.83,31542060,58.71,59.98,58.54,89
07/01/2020,58.81,14748070,59.91,60.03,58.76,90
07/02/2020,59.13,15578580,59.19,59.81,58.97,91
07/06/2020,59.54,20536720,58.72,59.62,58.6,92
07/07/2020,58.31,15996490,59.07,59.57,58.14,93
07/08/2020,58.61,13277870,58.45,58.695,57.93,94
07/09/2020,58.42,20683690,58.2,58.745,57.7,95
07/10/2020,59.53,17742320,57.95,59.69,57.83,96
07/13/2020,58.58,19082940,59.84,60.62,58.39,97
07/14/2020,58.98,24190870,57.874,59.25,57.345,98
07/15/2020,59.03,19986310,59.03,59.34,58.42,99
07/16/2020,59.14,12425870,58.54,59.36,58.4,100
07/17/2020,60,16322810,59.42,60.46,59.28,101
07/20/2020,61.15,16868660,60.08,61.38,59.34,102
07/21/2020,60.7,19830310,61.515,61.9275,60.44,103
07/22/2020,61.05,18959920,61.31,61.765,60.62,104
07/23/2020,60.4,43518550,61.255,61.74,59.98,105
07/24/2020,50.59,182269900,52.15,52.18,49.5,106
07/27/2020,49.57,107526500,51.03,51.14,49.465,107
07/28/2020,49.24,62362610,49.48,50.23,49.14,108
07/29/2020,48.07,60500810,49.49,49.5,47.9,109
07/30/2020,47.99,39735190,47.83,48.5,47.59,110
07/31/2020,47.73,46569880,48.13,48.3216,46.97,111
08/03/2020,48.3,31767140,48.27,48.6267,47.74,112
08/04/2020,49.13,29045840,48.6,49.14,48.5,113
08/05/2020,48.92,29471070,49.72,49.72,48.66,114
08/06/2020,48.57,23795530,48.79,48.82,48.1,115
08/07/2020,48.03,36765230,48.53,48.65,47.7,116
08/10/2020,49.22,37442610,48.2,49.39,48.06,117
08/11/2020,48.19,35348090,49.63,49.73,48.06,118
08/12/2020,49.19,30687170,48.67,49.26,48.24,119
08/13/2020,48.56,24774510,49.26,49.33,48.385,120
08/14/2020,48.89,22321170,48.73,49.21,48.65,121
08/17/2020,48.93,20018270,49.11,49.305,48.73,122
08/18/2020,48.65,19251400,49.26,49.57,48.62,123
08/19/2020,48.33,27774980,48.785,48.98,48.25,124
08/20/2020,49.17,55081340,49.81,50.2,49,125
08/21/2020,49.28,34316470,49.02,49.31,48.65,126
08/24/2020,49.14,36295310,49.26,49.4,48.82,127
08/25/2020,49.43,38384330,49.35,49.88,49.21,128
08/26/2020,49.55,28616620,49.39,49.67,49.23,129
08/27/2020,49.4,24420610,49.79,49.93,49.17,130
08/28/2020,50.43,35384680,49.57,50.8,49.46,131
08/31/2020,50.95,46114130,51,51.5,50.32,132
09/01/2020,50.79,30522710,50.91,51,50.22,133
09/02/2020,52.25,53000730,51.21,52.68,51.09,134
09/03/2020,50.39,47394340,52.5,52.62,50.135,135
09/04/2020,50.08,43318370,50.53,51.23,49.49,136
09/08/2020,48.91,39752690,49.26,49.9,48.85,137
09/09/2020,49.62,33437270,49.53,49.9684,49.04,138
09/10/2020,48.96,32649150,50,50.09,48.71,139
09/11/2020,49.28,29333570,49.264,50.05,48.95,140
09/14/2020,49.41,27212490,48.85,49.72,48.85,141
09/15/2020,50,27598260,49.79,50.6,49.73,142
09/16/2020,50.37,26555280,50.51,51.03,50.165,143
09/17/2020,50.32,26959930,49.37,50.485,49.3,144
09/18/2020,49.89,50123500,50.33,50.5,49.04,145
09/21/2020,49.72,27377120,49.39,49.745,48.83,146
09/22/2020,49.95,22290860,49.89,50.21,49.47,147
09/23/2020,48.82,30078800,49.83,50.145,48.66,148
09/24/2020,49.16,29343400,48.53,49.64,48.42,149
09/25/2020,49.94,26633410,48.96,50.28,48.75,150
09/28/2020,51.43,29652250,50.51,51.46,50.16,151
09/29/2020,51.19,19687450,51.305,51.735,50.95,152
09/30/2020,51.78,27711350,51.24,52.38,51.15,153
10/01/2020,52.24,22127580,52.4,52.72,51.99,154
10/02/2020,51.01,25811770,51.5,51.9789,50.99,155
10/05/2020,51.69,20883250,51.3,51.81,51.27,156
10/06/2020,51.37,25642790,51.71,52.7,51.23,157
10/07/2020,52.67,21978670,51.85,52.9,51.79,158
10/08/2020,53.37,22369540,52.91,53.58,52.67,159
10/09/2020,52.82,24343900,53.55,53.85,52.67,160
10/12/2020,53.88,27303470,53.55,54.2,53.21,161
10/13/2020,53.83,20005770,54.27,54.29,53.62,162
10/14/2020,53.55,21885110,54.01,54.4,53.51,163
10/15/2020,53.85,18272870,52.75,53.98,52.62,164
10/16/2020,54.16,23421390,53.9,54.7,53.9,165
10/19/2020,54.58,43537220,54.47,56.23,53.84,166
10/20/2020,53.43,27224900,54.6,54.7,53.27,167
10/21/2020,53.5,21866030,53.14,54.07,52.82,168
10/22/2020,53.9,41522740,53.12,54.22,53.07,169
10/23/2020,48.2,97322490,48.35,48.665,47.66,170
10/26/2020,46.72,54161290,47.85,47.86,46.25,171
10/27/2020,45.64,50130520,45.98,46.41,45.36,172
10/28/2020,44.25,45066010,44.89,45.285,44.2,173
10/29/2020,44.11,36796800,44.24,44.47,43.9201,174
10/30/2020,44.28,46794170,44.1,44.795,43.61,175
11/02/2020,44.46,33856740,44.96,45.055,44.24,176
11/03/2020,44.85,33587540,44.73,45.46,44.7,177
11/04/2020,45.7,34748150,45.11,46.15,44.78,178
11/05/2020,45.68,31103210,46.15,46.38,45.525,179
11/06/2020,45.39,36233680,45.54,45.795,44.9,180
11/09/2020,45.6,48481730,46.64,47.35,45.54,181
11/10/2020,45.44,39224460,45.4,46.48,45.25,182
11/11/2020,46.35,31496940,45.9,46.455,45.86,183
11/12/2020,44.95,42909920,46.13,46.19,44.55,184
11/13/2020,45.46,30898110,44.99,45.58,44.97,185
11/16/2020,46.19,36306290,46.04,46.75,45.79,186
11/17/2020,45.53,31072060,45.75,46.12,45.405,187
11/18/2020,45.06,32817920,45.55,45.685,45.04,188
11/19/2020,45.62,29469080,44.92,45.67,44.7,189
11/20/2020,45.39,24199280,45.66,45.88,45.33,190
11/23/2020,46.06,35489640,45.48,46.21,45.45,191
11/24/2020,47.01,33901170,46.29,47.3,46.01,192
11/25/2020,47.05,28126890,47.03,47.18,46.57,193
11/27/2020,47.45,15921420,47.36,48.1,47.36,194
11/30/2020,48.35,46332670,47.42,48.5,47.265,195
12/01/2020,49.56,57778190,48.75,50.225,48.71,196
12/02/2020,49.9,33753520,49.22,50.06,49.18,197
12/03/2020,50.99,50261150,49.92,51.11,49.78,198
12/04/2020,51.985,39767720,51.06,52.65,51,199
12/07/2020,50.2,51040300,51,51.29,49.56,200
12/08/2020,50.69,28956510,49.83,50.72,49.81,201
12/09/2020,50.07,34068390,50.28,50.8383,49.73,202
12/10/2020,50.26,33705980,49.66,50.72,49.59,203
12/11/2020,49.73,29398840,50.14,50.14,49.115,204
12/14/2020,50.47,33436400,49.82,51.34,49.74,205
12/15/2020,50.665,25472990,50.98,51.01,50.21,206
12/16/2020,51.12,28350980,50.71,51.46,50.68,207
12/17/2020,50.65,26399020,51.15,51.32,50.22,208
12/18/2020,47.46,119298400,50.57,50.68,47.11,209
12/21/2020,46.36,53775700,46.32,46.45,45.24,210
12/22/2020,46.17,32188770,46.25,46.34,45.765,211
12/23/2020,46.57,22564230,46.165,47.03,46.07,212
12/24/2020,47.07,11865640,46.6,47.09,46.34,213
12/28/2020,47.07,21269170,47.19,47.635,46.86,214
12/29/2020,49.39,84531390,47.22,50.6667,46.49,215
12/30/2020,48.75,37385410,49.11,49.19,48.56,216
12/31/2020,49.82,28576790,48.75,50.19,48.72,217
01/04/2021,49.67,46102460,49.89,51.39,49.4016,218
01/05/2021,50.61,24866560,49.445,50.83,49.33,219
01/06/2021,51.1,36809640,50.435,52.15,50.2,220
01/07/2021,52.19,32092340,51.49,52.69,51.3,221
01/08/2021,51.65,34625380,52.45,52.53,51.27,222
01/11/2021,51.54,32933280,51.29,52.24,51.25,223
01/12/2021,53.24,39883890,51.9,53.85,51.56,224
01/13/2021,56.95,124070700,59.5,60.25,56.9,225
01/14/2021,59.25,74680890,58.45,60.14,57.84,226
01/15/2021,57.58,50265360,58.85,59.65,57.5,227
01/19/2021,57.99,35647140,57.94,58.34,57.1,228
01/20/2021,58.67,28701260,58.24,59.22,58.09,229
01/21/2021,62.46,87156460,59.038,63.95,58.2233,230
01/22/2021,56.66,85729320,58.85,59.62,56.65,231
01/25/2021,55.44,61968550,56.38,56.5,54.06,232
01/26/2021,55.21,31485880,55.275,56.2,54.85,233
01/27/2021,53.59,49722950,54.61,54.8481,53.3,234
01/28/2021,56.065,49202560,54.79,57.4,54.7,235
01/29/2021,55.51,37256230,55.98,57.16,55.355,236
02/01/2021,56.69,26926640,55.95,57.39,55.71,237
02/02/2021,58,23580890,57.19,58.28,56.88,238
02/03/2021,57.68,21893190,57.894,58.33,57.38,239
02/04/2021,58.79,29853780,57.61,58.88,57.19,240
02/05/2021,58.18,23432610,59,59.08,58.12,241
02/08/2021,59.16,34358300,58.375,59.22,57.95,242
02/09/2021,58.78,28754080,58.77,59.31,57.935,243
02/10/2021,58.86,16325150,59.3,59.42,58.12,244
02/11/2021,60.66,27539120,59.095,60.99,58.86,245
02/12/2021,61.81,26214180,60.6,62.51,60.43,246
02/16/2021,62.47,26326300,62,62.87,61.7,247
02/17/2021,61.85,21065330,61.49,62.185,61.21,248
02/18/2021,61.61,17846140,60.645,61.98,60.64,249
02/19/2021,63.01,28290120,61.91,63.26,61.85,250
02/22/2021,60.71,32288180,61.88,62.7,60.66,251
02/23/2021,61.12,27374590,60.48,61.495,59.17,252
02/24/2021,63.19,24669870,60.53,63.28,60.38,253
02/25/2021,60.4,36393950,62.405,63.54,60.13,254
02/26/2021,60.78,38216770,60.89,61.69,59.68,255
03/01/2021,62.88,28503500,61.72,63.08,61.65,256
03/02/2021,61.24,23320020,62.8,63.14,61.11,257
03/03/2021,59.9,28740360,60.64,61.52,59.7,258
03/04/2021,58.33,40210350,59.83,60.235,57.905,259
03/05/2021,60.74,39511670,59.26,61.175,58.51,260
03/08/2021,59.85,33112390,60.468,61.695,59.72,261
03/09/2021,62.67,36387480,61.18,63.165,60.84,262
03/10/2021,62.25,27160320,63.22,64.12,62.13,263
03/11/2021,63.31,30701770,62.94,64.09,62.39,264
03/12/2021,62.9,20172960,62.65,63.3,62.24,265
03/15/2021,63.79,21251480,63.61,63.875,62.48,266
03/16/2021,64.78,30186640,64.15,65.7302,64.08,267
03/17/2021,65.78,32394650,64.224,66.29,63.71,268
03/18/2021,63.725,30107870,65.63,65.7,63.65,269
03/19/2021,63.76,54951650,63.18,64.99,62.92,270
03/22/2021,65.63,34380150,64.82,66.38,64.56,271
03/23/2021,63.48,35159950,66,66.05,63.17,272
03/24/2021,62.04,74584670,66.58,67.44,61.99,273
03/25/2021,62.02,35401430,61.655,62.44,60.975,274
03/26/2021,64.87,34705760,61.8,64.97,61.77,275
03/29/2021,64.5,26161610,64.011,65.125,63.61,276
03/30/2021,63.77,20709490,63.77,64,63.15,277
03/31/2021,64,33013230,64.01,64.4899,63.58,278
04/01/2021,64.55,31416250,64.725,64.89,63.575,279
04/05/2021,66.54,27947520,64.95,66.74,64.7,280
04/06/2021,65.56,28771400,66.062,66.575,65.29,281
04/07/2021,66.25,17793260,65.67,66.57,65.36,282
04/08/2021,67.05,22224220,66.97,67.29,66.36,283
04/09/2021,68.26,27177100,66.798,68.4,66.63,284
04/12/2021,65.405,51266880,68.2,68.49,64.71,285
04/13/2021,65.22,26821990,65.61,65.6346,64.21,286
04/14/2021,64.19,25768420,65.31,65.38,63.84,287
04/15/2021,65.02,24927680,63.97,65.215,63.6799,288
04/16/2021,64.75,24625460,65.33,65.52,64.57,289
04/19/2021,63.63,23997680,64.7,64.74,63.07,290
04/20/2021,62.7,19872120,63.64,63.76,62.41,291
04/21/2021,63.7,24364210,62.79,63.775,62.3,292
04/22/2021,62.57,38257620,63.35,63.91,62.28,293
04/23/2021,59.24,77519830,59.16,60,57.9,294
04/26/2021,58.76,39645910,59.1,59.52,58.46,295
04/27/2021,57.97,38167700,58.555,58.63,57.77,296
04/28/2021,57.62,30387350,57.52,58.16,57.15,297
04/29/2021,58.28,23290620,57.88,58.3,57.47,298
04/30/2021,57.53,30731840,57.61,58.43,57.07,299
05/03/2021,57.26,22281700,57.855,57.8768,56.84,300
05/04/2021,56.9,35323620,56.88,56.98,55.81,301
05/05/2021,56.85,21001930,56.96,57.3,56.46,302
05/06/2021,57.19,25529250,56.615,57.25,56.245,303
05/07/2021,57.67,19959040,57.7,58.01,57.24,304
05/10/2021,55.97,35046470,57.147,57.23,55.88,305
05/11/2021,55.04,35968050,55.05,55.63,54.3,306
05/12/2021,53.62,30232250,54.39,54.65,53.42,307
05/13/2021,54.01,29192470,54.04,54.39,53.46,308
05/14/2021,55.35,28158310,54.6046,55.8467,54.255,309
05/17/2021,55.33,19990820,55.29,55.89,54.76,310
05/18/2021,54.84,18703390,55.95,56.14,54.8,311
05/19/2021,55.36,23769650,54.07,55.43,53.8418,312
05/20/2021,55.95,23145170,55.57,56.24,55.36,313
05/21/2021,56.08,17723090,56.42,56.71,55.9801,314
05/24/2021,56.96,19164350,56.648,57.39,56.4,315
05/25/2021,56.87,22309870,57.56,57.56,56.42,316
05/26/2021,56.92,15173600,57.05,57.23,56.585,317
05/27/2021,57.73,32387640,57.11,57.88,57,318
05/28/2021,57.12,20309600,57.55,57.65,56.94,319
06/01/2021,56.89,20326370,57.61,57.82,56.59,320
06/02/2021,57.48,18483590,56.91,57.69,56.755,321
06/03/2021,56.24,21831300,56.98,57.1,56.085,322
06/04/2021,57.37,21493760,56.55,57.75,56.54,323
06/07/2021,57.09,17364400,57.41,57.44,56.775,324
06/08/2021,57,33254480,57.45,57.64,56.6,325
06/09/2021,57,13904790,57.36,57.475,56.97,326
06/10/2021,57.38,26738080,57.15,58.03,56.925,327
06/11/2021,57.85,18119740,57.47,57.94,56.95,328
06/14/2021,58.19,21784520,58.02,58.2,57.23,329
06/15/2021,57.99,20806540,58.21,58.415,57.8001,330
06/16/2021,57.22,21879680,58.15,58.37,56.765,331
06/17/2021,57.18,21498760,57.05,57.9,56.7,332
06/18/2021,55.67,55118310,56.68,56.75,55.1,333
06/21/2021,55.87,19254640,55.75,56.04,55.37,334
06/22/2021,55.87,18682810,55.94,56.2799,55.5049,335
06/23/2021,55.26,20287880,55.87,55.974,55.23,336
06/24/2021,56.07,21209730,55.49,56.1,55.34,337
06/25/2021,55.91,21101240,56.02,56.405,55.745,338
06/28/2021,57.48,22480880,56.36,57.725,56.34,339
06/29/2021,56.75,26359990,57.55,57.83,55.88,340
06/30/2021,56.14,29891580,56.34,56.375,55.39,341
07/01/2021,56.01,24871590,56.13,56.64,55.87,342
07/02/2021,56.76,17223580,56.55,56.99,56.32,343
07/06/2021,56.09,26186600,56.92,57.01,55.7,344
07/07/2021,55.96,14857390,56.37,56.45,55.705,345
07/08/2021,55.39,19161960,55.31,55.72,54.7901,346
07/09/2021,55.99,18708000,55.51,56.105,55.31,347
07/12/2021,56.73,15392760,56.26,56.755,56.11,348
07/13/2021,56.87,15715980,56.62,57.3,56.34,349
07/14/2021,56.52,16263610,57.17,57.455,56.3339,350
07/15/2021,55.81,18917050,56.4,56.4,55.57,351
07/16/2021,54.97,25263790,56.05,56.9295,54.9,352
07/19/2021,54.64,27007670,54.41,54.805,53.97,353
07/20/2021,55.24,19866970,54.915,55.56,54.2684,354
07/21/2021,56.23,18497170,55.18,56.28,55.01,355
07/22/2021,55.96,36690980,56.06,56.54,55.68,356
07/23/2021,53,67742250,54.58,54.71,52.32,357
07/26/2021,54.31,32881170,52.81,54.54,52.76,358
07/27/2021,53.18,39878030,53.12,53.2,52.31,359
07/28/2021,53.07,28478850,53.03,53.92,52.94,360
07/29/2021,53.7,16886630,53.48,54.1,53.32,361
07/30/2021,53.72,16465690,53.65,53.9,53.25,362
08/02/2021,53.68,18098080,53.99,54.47,53.535,363
08/03/2021,54.06,16375930,53.89,54.16,53.26,364
08/04/2021,53.9,17612710,54.25,54.44,53.7,365
08/05/2021,53.89,15310010,53.99,54.02,53.58,366
08/06/2021,53.92,19256020,53.86,54.13,53.73,367
08/09/2021,54.05,14670140,54.08,54.41,53.83,368
08/10/2021,53.94,16215710,54.24,54.385,53.51,369
08/11/2021,54.14,18590800,54.26,54.36,53.84,370
08/12/2021,53.54,15073690,54.17,54.18,53.255,371
08/13/2021,53.49,15281070,53.5,53.555,53.055,372
08/16/2021,53.47,17692910,53.23,53.49,53,373
08/17/2021,52.69,22014900,53.17,53.1784,52.22,374
08/18/2021,52.19,15061740,52.6,53.03,52.11,375
08/19/2021,52.44,22999390,52.054,52.67,51.58,376
08/20/2021,52.01,25728330,52.16,52.38,51.42,377
08/23/2021,53.23,23976260,52.59,53.535,52.48,378
08/24/2021,53.81,20348800,53.555,53.97,53.31,379
08/25/2021,53.81,15048390,54.08,54.23,53.731,380
08/26/2021,53.13,19569980,53.745,53.745,52.9729,381
08/27/2021,53.89,16524990,53.36,53.94,52.92,382
08/30/2021,53.94,14581330,54.26,54.87,53.76,383
08/31/2021,54.06,22350100,54.44,54.5,53.66,384
09/01/2021,53.67,18615030,54.11,54.155,53.53,385
09/02/2021,53.73,15880060,53.8,53.89,53.35,386
09/03/2021,53.51,13472750,53.44,54.08,53.3193,387
09/07/2021,53.65,13914970,53.57,53.95,53.44,388
09/08/2021,53.57,18235080,53.73,53.92,52.99,389
09/09/2021,53.4,13495800,53.66,53.89,53.34,390
09/10/2021,53.84,20324700,53.85,54.98,53.81,391
09/13/2021,54.99,22639240,54.61,55.485,54.41,392
09/14/2021,54.52,22072720,55.37,55.44,54.27,393
09/15/2021,55.12,18796180,54.67,55.15,54.42,394
09/16/2021,54.83,19863090,54.86,54.95,54.24,395
09/17/2021,54.26,35359230,54.59,54.59,53.665,396
09/20/2021,52.98,35051900,53.214,53.5,52.32,397
09/21/2021,52.87,17968930,53.2,53.45,52.83,398
09/22/2021,53.5,18594120,53.4,53.87,53,399
09/23/2021,54.03,16474330,53.75,54.3,53.6,400
09/24/2021,54.22,12976200,53.775,54.423,53.73,401
09/27/2021,54.66,13899910,53.94,54.87,53.82,402
09/28/2021,54,24691320,54.18,54.59,53.96,403
09/29/2021,53.49,20514310,54,54.05,53.18,404
09/30/2021,53.28,20534070,53.76,53.98,53.26,405
10/01/2021,53.86,19895100,53.645,54.105,53.05,406
10/04/2021,53.47,27353320,53.93,54.33,53.08,407
10/05/2021,53.95,18129360,53.55,54.34,53.475,408
10/06/2021,53.98,20059580,53.48,54.07,53.07,409
10/07/2021,54.18,20704440,54.319,54.985,54.12,410
10/08/2021,53.81,16068030,54.55,54.58,53.7,411
10/11/2021,53.44,14398760,53.81,54.41,53.42,412
10/12/2021,52.17,32784310,53.57,53.72,52.01,413
10/13/2021,52.26,18533960,52.38,52.5784,51.865,414
10/14/2021,53.9,26586650,52.895,54,52.73,415
10/15/2021,54.46,25231140,54.2,54.49,53.8095,416
10/18/2021,54.47,22407570,54.185,54.56,53.72,417
10/19/2021,55.21,18392880,54.626,55.22,54.37,418
10/20/2021,55.37,16850270,55.25,55.485,55.08,419
10/21/2021,56,38390860,54.925,56.07,54.83,420
10/22/2021,49.46,109971900,50.39,50.55,49.14,421
10/25/2021,49.41,43178770,49.825,50.07,49.31,422
10/26/2021,48.28,68405390,49.4,49.44,47.93,423
10/27/2021,47.89,41081460,48.52,48.8155,47.87,424
10/28/2021,48.08,31317180,48.14,48.3599,47.88,425
10/29/2021,49,42300970,48.1,49.28,47.92,426
11/01/2021,49.55,28013740,49.4,49.6,49,427
11/02/2021,49.86,27193260,49.61,49.895,49.23,428
11/03/2021,50.39,23962120,49.931,50.45,49.71,429
11/04/2021,50.31,24805960,50.24,50.35,49.73,430
11/05/2021,50.92,36816160,50.55,51.58,50.54,431
11/08/2021,51.55,31647840,51.46,51.99,51.06,432
11/09/2021,51.2,22508420,51.54,51.77,50.765,433
11/10/2021,50.76,25040730,50.975,51.3873,50.71,434
11/11/2021,50.53,25419990,51.01,51.07,50.41,435
11/12/2021,50.31,23884840,50.595,50.9,50.18,436
11/15/2021,50.32,24695780,50.41,50.63,50.12,437
11/16/2021,50.61,30927770,50.37,51.15,50.34,438
11/17/2021,50.23,23546920,50.6,50.9399,49.98,439
11/18/2021,49.68,30667660,50.24,50.24,48.97,440
11/19/2021,49.52,27607600,49.6,49.73,49.24,441
11/22/2021,49.83,33389630,49.55,50.85,49.41,442
11/23/2021,49.1,44713340,50.16,50.45,48.64,443
11/24/2021,49.76,26035780,48.855,49.78,48.63,444
11/26/2021,48.78,25268980,48.9,49.175,48.115,445
11/29/2021,50,31478900,49.3,50.13,48.72,446
11/30/2021,49.2,49460840,49.5,50.4,48.68,447
12/01/2021,48.6,35133400,49.84,50.3062,48.52,448
12/02/2021,49.5,37240780,48.61,49.7947,48.33,449
12/03/2021,49.25,32224930,49.675,50.06,48.76,450
12/06/2021,50.99,40335980,49.48,51.21,49.18,451
12/07/2021,52.57,91731470,54.66,55,52.21,452
12/08/2021,51.75,37143440,52.57,52.88,51.3838,453
12/09/2021,50.48,31694240,51.3,51.585,50.43,454
12/10/2021,50.59,23783630,50.84,51.07,50.05,455
12/13/2021,50,35726900,50.85,51.02,49.95,456
12/14/2021,49.7,34120380,49.82,50.27,49.32,457
12/15/2021,50.67,32590320,49.87,50.78,49.325,458
12/16/2021,50.83,33132250,50.74,51.4,50.575,459
12/17/2021,50.62,50190420,50.59,51.02,50.01,460
12/20/2021,49.6,30140280,49.91,50.13,48.96,461
12/21/2021,50.77,31956290,49.94,50.84,49.94,462
12/22/2021,50.97,23307950,50.64,51.02,50.21,463
12/23/2021,51.31,25198250,51.08,51.73,51.05,464
12/27/2021,51.94,20990720,51.35,52.06,51.3022,465
12/28/2021,51.76,19290440,51.93,52.12,51.63,466
12/29/2021,51.83,14174780,51.81,52.14,51.66,467
12/30/2021,51.74,18359360,51.92,52.14,51.65,468
12/31/2021,51.5,16318970,51.89,52.159,51.46,469
01/03/2022,53.21,33892930,51.65,53.23,51.6,470
01/04/2022,53.14,45681380,53.57,53.935,52.65,471
01/05/2022,53.87,59109320,54.188,56.17,53.83,472
01/06/2022,54.01,35757880,54.61,54.67,53.415,473
01/07/2022,53.44,30717220,54.19,54.39,53.15,474
01/10/2022,55.21,49260830,53.97,55.31,53.31,475
01/11/2022,55.91,39795190,55.5,56.08,54.73,476
01/12/2022,55.74,29136790,56.136,56.28,54.81,477
01/13/2022,54.94,29605350,56,56.21,54.77,478
01/14/2022,55.7,30151530,54.85,55.77,54.53,479
01/18/2022,54.76,35332590,55.31,55.65,54.68,480
01/19/2022,53.62,30595110,54.63,54.85,53.56,481
01/20/2022,52.04,28582610,53.86,54.085,51.94,482
01/21/2022,52.04,46372370,52.08,53.1299,51.95,483
01/24/2022,51.94,64273630,51.48,52.1291,49.88,484
01/25/2022,51,44095360,51.01,51.62,50.25,485
01/26/2022,51.69,54895390,51.13,52.72,50.75,486
01/27/2022,48.05,89642770,49.98,50.06,47.78,487
01/28/2022,47.73,61945410,47.71,48.2,46.3,488
01/31/2022,48.82,51828450,47.68,48.87,47.305,489
02/01/2022,48.95,35386060,48.775,49.03,48.36,490
02/02/2022,49.51,37962660,48.245,49.58,48.09,491
02/03/2022,48.28,42145840,49.25,49.685,48.25,492
02/04/2022,48.01,32431490,47.86,48.2399,47.13,493
02/07/2022,48.18,27558470,48.13,48.66,47.96,494
02/08/2022,48.81,28051190,47.98,48.94,47.9,495
02/09/2022,49.91,35217300,49.33,49.97,48.825,496
02/10/2022,48.86,32762680,49.18,49.9325,48.76,497
02/11/2022,47.63,37208230,48.95,49.11,47.5,498
02/14/2022,47.58,28456930,47.92,48.1772,47.1101,499
02/15/2022,48.44,35857520,47.7,48.46,47.19,500
02/16/2022,48.23,26022940,48.06,48.49,47.6,501
02/17/2022,47.57,32030620,47.86,48.26,47.38,502
02/18/2022,45.04,76520100,46.19,46.21,44.51,503
02/22/2022,44.69,57093320,44.69,45.405,43.8501,504
02/23/2022,44.65,38176740,45.17,45.71,44.5514,505
02/24/2022,46.72,72740050,43.9,46.79,43.625,506
02/25/2022,47.71,39266330,46.93,47.79,46.25,507
02/28/2022,47.7,41946110,47,47.82,46.85,508
03/01/2022,46.82,53852980,47.54,47.9,46.22,509
03/02/2022,48.87,46936510,47.52,48.99,47.48,510
03/03/2022,47.93,36389880,48.18,48.55,47.6236,511
03/04/2022,48.07,38324990,47.37,48.265,47.37,512
03/07/2022,47.68,43813750,48.005,48.54,47.6,513
03/08/2022,47.5,44813950,47.69,48.72,46.89,514
03/09/2022,47.63,36076460,48.41,48.46,46.885,515
03/10/2022,46.66,36455950,47.29,47.31,46.155,516
03/11/2022,45.83,27082090,47.15,47.275,45.765,517
03/14/2022,44.4,35993900,45.9,45.98,44.3,518
03/15/2022,44.81,34448890,44.5,44.9,44.07,519
03/16/2022,46.63,38885500,45.3,46.63,45.27,520
03/17/2022,47.14,28554990,46.32,47.2873,45.73,521
03/18/2022,47.45,46237120,46.82,47.6,46.35,522
03/21/2022,47.39,32910940,47.46,47.89,47.065,523
03/22/2022,48.39,27923320,47.5,48.47,47.4,524
03/23/2022,48.27,37126380,48.46,49.58,48.0601,525
03/24/2022,51.62,51677910,48.66,51.65,48.59,526
03/25/2022,51.83,33249490,50.69,51.9783,50.45,527
03/28/2022,51.51,22932370,51.36,51.57,50.56,528
03/29/2022,52.25,27303710,52,52.29,51.275,529
03/30/2022,51.43,24623260,52.25,52.51,51.22,530
03/31/2022,49.56,43698250,51.2,51.26,49.51,531
04/01/2022,48.11,46598560,49.83,49.9,47.325,532
04/04/2022,49.2,23811320,48.17,49.23,47.915,533
04/05/2022,48.13,25779170,48.83,48.98,48.02,534
04/06/2022,47.54,31518750,47.44,48.17,47.24,535
04/07/2022,47.56,24116970,47.425,47.91,46.77,536
04/08/2022,47.02,22167260,47.28,47.58,46.845,537
04/11/2022,46.57,30352480,46.9,47.295,46.53,538
04/12/2022,46.5,29861380,47.32,47.91,46.41,539
04/13/2022,47.01,22171270,46.75,47.2687,46.55,540
04/14/2022,45.67,36181840,46.745,46.75,45.62,541
04/18/2022,46.64,25593060,45.53,46.89,45.52,542
04/19/2022,47.93,31483100,46.6,48,46.34,543
04/20/2022,48.11,22787140,48.36,48.75,47.975,544
04/21/2022,47.5,27316890,48.62,48.9,47.4,545
04/22/2022,46.54,28219860,47.45,47.65,46.5,546
04/25/2022,47.06,35999250,46.21,47.14,46.18,547
04/26/2022,45.52,35356570,46.69,46.84,45.51,548
04/27/2022,45.22,28320900,45.48,46.06,45.01,549
04/28/2022,46.84,41097040,45.785,47.27,45.5408,550
04/29/2022,43.59,70765890,44.99,45.36,43.5,551
05/02/2022,44.96,45446470,43.72,44.99,43.51,552
05/03/2022,45.06,40158390,44.79,45.49,44.23,553
05/04/2022,46.54,44625620,45.06,46.64,44.41,554
05/05/2022,44.6,52996680,45.6,45.91,44.13,555
05/06/2022,44.3,40916580,44.49,45.15,43.84,556
05/09/2022,43.07,44925770,43.81,44.2,42.87,557
05/10/2022,44.01,42770020,44.35,44.735,43.5,558
05/11/2022,42.83,40351670,44.02,44.29,42.78,559
05/12/2022,42.84,42329640,42.73,42.905,42.01,560
05/13/2022,43.6,32034140,43.42,43.84,42.97,561
05/16/2022,43.08,25071910,43.42,43.6099,42.785,562
05/17/2022,44.4,28596630,43.82,44.42,43.65,563
05/18/2022,42.35,35218390,43.98,43.98,42.22,564
05/19/2022,42.01,29181010,42.32,42.7,41.72,565
05/20/2022,41.65,44802290,42.245,42.29,40.31,566
05/23/2022,42,27199490,41.69,42.25,41.325,567
05/24/2022,41.67,29837490,41.698,41.89,41.1,568
05/25/2022,42.2,26283080,41.44,42.515,41.39,569
05/26/2022,43.48,28826680,42.17,43.68,42.08,570
05/27/2022,44.55,30553320,43.59,44.55,43.55,571
05/31/2022,44.42,41111480,44.25,44.75,43.645,572
06/01/2022,44.11,29885540,44.77,44.93,43.525,573
06/02/2022,44.84,28727640,44.19,44.88,43.94,574
06/03/2022,43.39,33174660,44.105,44.2458,43.34,575
06/06/2022,43.34,25437060,43.81,44.04,43.08,576
06/07/2022,43.53,25168690,43.06,43.59,42.66,577
06/08/2022,41.23,59649870,42.25,42.26,41.03,578
06/09/2022,40.01,39047180,41.01,41.35,40.01,579
06/10/2022,39.18,43084430,39.85,40.08,39.18,580
06/13/2022,37.77,50335920,38.55,38.81,37.67,581
06/14/2022,37.93,31351680,38.01,38.2,37.54,582
06/15/2022,38.65,37652260,38.56,39.17,37.92,583
06/16/2022,37.34,45576550,37.695,37.79,36.93,584
06/17/2022,36.97,71393190,37.48,38.12,36.6,585
06/21/2022,37.73,34004880,37.36,38.025,37.325,586
06/22/2022,37.38,32591520,37.33,37.77,37.22,587
06/23/2022,37.41,30162970,37.61,37.62,36.91,588
06/24/2022,38.61,38159910,37.845,38.64,37.74,589
06/27/2022,38.63,29585330,38.87,39.06,38.4701,590
06/28/2022,37.78,37842730,38.58,39.02,37.74,591
06/29/2022,37.29,25437200,37.54,37.595,37.02,592
06/30/2022,37.41,35141050,37.21,38,36.725,593
07/01/2022,36.34,40596290,37.09,37.2,35.88,594
07/05/2022,36.69,33225870,35.93,36.74,35.54,595
07/06/2022,36.99,26258320,36.82,37.425,36.46,596
07/07/2022,38.14,33165410,37.89,38.33,37.73,597
07/08/2022,37.99,22566350,37.66,38.14,37.3901,598
07/11/2022,37.2,25946880,37.66,37.675,37.03,599
07/12/2022,37.21,30546280,37.65,37.7,36.99,600
07/13/2022,37.21,27059160,36.68,37.4299,36.62,601
07/14/2022,37.71,36690670,36.99,38.155,36.29,602
07/15/2022,38.62,32892290,38.27,38.67,37.73,603
07/18/2022,38.71,30814370,39.1,39.34,38.525,604
07/19/2022,40.22,53095320,39.32,40.73,39.24,605
07/20/2022,40.56,36387870,40.21,40.67,39.56,606
07/21/2022,40.61,29661200,40.51,40.645,39.82,607
07/22/2022,39.2,41349970,40.37,40.51,38.94,608
07/25/2022,39.16,32263400,39.285,39.41,38.55,609
07/26/2022,38.96,35925490,39.1,39.565,38.88,610
07/27/2022,40.18,42571580,39.27,40.425,39.23,611
07/28/2022,39.71,56662300,40.09,40.12,39.04,612
07/29/2022,36.31,125292400,35.605,36.62,35.24,613
08/01/2022,36.96,52513450,36.05,37.69,36.05,614
08/02/2022,36.01,53929370,36.59,36.66,36,615
08/03/2022,36.52,59513860,36.09,36.59,35.26,616
08/04/2022,35.66,54046260,36.012,36.1,35.36,617
08/05/2022,35.39,40205090,35.345,35.69,35.18,618
08/08/2022,35.38,41601570,35.36,35.96,35.2,619
08/09/2022,34.52,48202280,35.22,35.3,34.4,620
08/10/2022,35.37,42243300,34.99,35.4,34.59,621
08/11/2022,35.59,35569720,35.64,36.29,35.485,622
08/12/2022,36.11,37675230,35.8,36.14,35.67,623
08/15/2022,36.34,25400550,36.1,36.43,35.71,624
08/16/2022,36.19,25000240,36.16,36.575,35.7,625
08/17/2022,35.78,29176060,35.81,36.075,35.27,626
08/18/2022,36.2,24598230,35.68,36.33,35.57,627
08/19/2022,35.38,31425530,35.8,36.025,35.19,628
08/22/2022,33.84,51006130,35,35.06,33.73,629
08/23/2022,33.95,30687100,33.98,34.39,33.91,630
08/24/2022,33.86,25105650,33.97,33.99,33.6,631
08/25/2022,34.89,29799150,33.87,34.93,33.82,632
08/26/2022,33.36,44851480,34.95,35.025,33.35,633
08/29/2022,32.94,32976760,33.225,33.41,32.81,634
08/30/2022,32.26,40182450,33.04,33.07,32.15,635
08/31/2022,31.92,44074490,32.385,32.385,31.77,636
09/01/2022,31.76,36440680,31.572,31.825,31.13,637
09/02/2022,31.22,34893280,32.21,32.375,31.06,638
09/06/2022,30.36,46989600,31.39,31.39,30.33,639
09/07/2022,30.65,37329540,30.42,30.785,30.05,640
09/08/2022,30.75,37359470,30.37,30.8469,29.91,641
09/09/2022,31.46,34081210,31.19,31.5,31.075,642
09/12/2022,31.56,38305490,31.735,31.86,31.1,643
09/13/2022,29.29,71417850,30.83,30.93,29.25,644
09/14/2022,29.18,40767170,29.55,29.765,29.01,645
09/15/2022,28.84,39919110,29.15,29.41,28.71,646
09/16/2022,29.24,72747990,28.7,29.32,28.42,647
09/19/2022,29.44,33151880,29.02,29.5,28.9,648
09/20/2022,28.96,31129030,29.065,29.165,28.71,649
09/21/2022,28.47,39977310,29.15,29.59,28.46,650
09/22/2022,28.07,36092670,28.4,28.5,28.04,651
09/23/2022,27.52,43491060,27.9,27.9,27.19,652
09/26/2022,26.97,44786410,27.56,27.6995,26.86,653
09/27/2022,26.89,44121430,27.4,27.595,26.62,654
09/28/2022,27.13,40433350,26.86,27.28,26.6,655
09/29/2022,26.38,41831290,26.78,26.78,26.185,656
09/30/2022,25.77,43820960,26.3,26.57,25.74,657
10/03/2022,26.97,44096180,26.33,27.25,26.065,658
10/04/2022,27.7,42427480,27.425,27.795,27.09,659
10/05/2022,27.64,30119960,27.365,27.84,26.89,660
10/06/2022,27.18,33985130,27.44,27.76,27,661
10/07/2022,25.72,57215510,26.17,26.275,25.651,662
10/10/2022,25.2,43409340,25.94,25.99,25.09,663
10/11/2022,25.04,48134930,25.01,25.48,24.69,664
10/12/2022,25.33,39634060,25.05,25.52,24.66,665
10/13/2022,26.42,62447040,24.725,26.835,24.59,666
10/14/2022,25.91,48185370,26.46,26.63,25.76,667
10/17/2022,26.42,39416470,26.31,26.75,26.1713,668
10/18/2022,25.87,51126850,26.74,26.955,25.54,669
10/19/2022,26,33882270,25.735,26.25,25.69,670
10/20/2022,26.08,33247690,26.15,26.95,25.945,671
10/21/2022,26.97,53058710,25.85,27.05,25.79,672
10/24/2022,27.18,43831590,26.75,27.48,26.52,673
10/25/2022,27.41,32205300,27.18,27.555,27,674
10/26/2022,27.21,37153930,27.19,27.8,26.99,675
10/27/2022,26.27,56305130,27.45,27.59,26.13,676
10/28/2022,29.07,91695700,28.175,29.2186,27.86,677
10/31/2022,28.43,59507740,29.08,29.18,28.05,678
11/01/2022,28.3,44418730,28.8,28.85,27.89,679
11/02/2022,27.42,51956100,28.27,28.85,27.41,680
11/03/2022,27.39,39678190,27.45,27.88,27.17,681
11/04/2022,28.2,43051930,27.57,28.235,27.41,682
11/07/2022,28.41,34389780,28.36,28.465,27.89,683
11/08/2022,28.48,36257960,28.755,28.95,27.93,684
11/09/2022,27.52,30544780,28.22,28.3,27.52,685
11/10/2022,29.76,62943920,28.88,29.83,28.645,686
11/11/2022,30.43,49826520,28.925,30.63,28.87,687
11/14/2022,30.35,39395340,30.34,30.99,30.18,688
11/15/2022,30.71,40933220,31.095,31.335,30.165,689
11/16/2022,29.53,35582750,30.11,30.23,29.44,690
11/17/2022,29.89,31992740,29.065,29.95,29,691
11/18/2022,29.87,27122210,30.26,30.26,29.61,692
11/21/2022,28.94,36086770,29.66,29.715,28.91,693
11/22/2022,29.82,25584060,29.135,29.86,29.0558,694
11/23/2022,29.67,23143870,29.73,30.08,29.49,695
11/25/2022,29.34,11314880,29.68,29.68,29.335,696
11/28/2022,28.725,28282120,29.1,29.19,28.54,697
11/29/2022,28.9,24361490,28.85,29.18,28.74,698
11/30/2022,30.07,72072530,28.77,30.08,28.22,699
12/01/2022,29.83,38896310,30.24,30.48,29.52,700
12/02/2022,29.41,31545960,29.17,29.43,28.71,701
12/05/2022,29.17,34040380,29.42,29.75,28.89,702
12/06/2022,28.6,27701190,29.19,29.31,28.3436,703
12/07/2022,28.33,28239930,28.28,28.55,28.15,704
12/08/2022,28.44,28486090,28.32,28.6,28.065,705
12/09/2022,28.24,25641350,28.39,28.78,28.19,706
12/12/2022,28.69,35117870,28.13,28.71,27.8588,707
12/13/2022,28.73,58546840,29.79,30.09,28.37,708
12/14/2022,28.26,37141080,28.51,29.12,28.01,709
12/15/2022,27.15,45682650,27.94,28,27.12,710
12/16/2022,26.92,81104230,27,27.135,26.4522,711
12/19/2022,26.79,37662460,26.9,26.97,26.5,712
12/20/2022,26.44,31863270,26.535,26.87,26.4201,713
12/21/2022,26.83,28100910,26.59,26.97,26.58,714
12/22/2022,25.97,47478310,26.45,26.452,25.35,715
12/23/2022,26.09,23600920,25.92,26.19,25.6835,716
12/27/2022,25.94,29548060,25.845,26.1,25.65,717
12/28/2022,25.54,26176920,25.84,26.115,25.5,718
12/29/2022,26.21,30944830,25.77,26.29,25.75,719
12/30/2022,26.43,31030090,25.902,26.46,25.8,720
01/03/2023,26.73,31307960,27.045,27.07,26.37,721
01/04/2023,27.68,37665200,27.41,27.92,27.16,722
01/05/2023,27.56,33552550,27.435,27.779,27.38,723
01/06/2023,28.73,31788630,27.93,28.83,27.38,724
01/09/2023,29.31,37493160,28.84,29.865,28.84,725
01/10/2023,29.44,23008080,29.235,29.51,28.915,726
01/11/2023,29.85,30375380,29.68,29.88,29,727
01/12/2023,30.29,28963880,29.98,30.38,29.47,728
01/13/2023,30.11,31361940,29.97,30.17,29.81,729
01/17/2023,29.6,34759080,30.18,30.2557,29.52,730
01/18/2023,28.81,44199580,29.8,29.82,28.63,731
01/19/2023,28.42,36886620,28.61,28.755,28.24,732
01/20/2023,29.22,35158500,28.42,29.23,28.25,733
01/23/2023,30.27,38795840,29.325,30.49,29.18,734
01/24/2023,29.92,24855130,29.94,30.19,29.73,735
01/25/2023,29.7,28268020,29.52,29.885,29.17,736
01/26/2023,30.09,56088080,30.06,30.11,29.33,737
01/27/2023,28.16,148548200,27.07,28.24,26.78,738
01/30/2023,27.95,55145770,27.715,28.51,27.67,739
01/31/2023,28.26,52621580,27.78,28.29,27.53,740
02/01/2023,29.07,63330570,27.89,29.43,27.68,741
02/02/2023,30.19,62230660,29.25,30.3,28.795,742
02/03/2023,30.32,57603100,29.62,31.17,29.53,743
02/06/2023,28.69,48726360,29.55,29.65,28.61,744
02/07/2023,29.05,50780780,28.65,29.27,28.43,745
02/08/2023,28.24,36479120,28.95,29.12,28.21,746
02/09/2023,27.73,43906380,28.68,28.82,27.565,747
02/10/2023,27.8,31232540,27.63,27.99,27.335,748
02/13/2023,28.55,32347470,27.87,28.55,27.715,749
02/14/2023,28.64,27928930,28.38,28.72,27.99,750
02/15/2023,28.85,23387680,28.36,28.88,28.16,751
02/16/2023,28.2,28972480,28.5,28.825,28.13,752
02/17/2023,27.61,32086220,28,28.07,27.38,753
02/21/2023,26.06,63668360,27.11,27.27,26.04,754
02/22/2023,25.47,89195320,25.91,26.9,25.3,755
02/23/2023,25.61,56473240,25.78,26.08,25.32,756
02/24/2023,25.14,44089880,25.22,25.35,24.92,757
02/27/2023,24.9,37656960,25.55,25.58,24.88,758
02/28/2023,24.93,50255300,24.94,25.12,24.73,759
03/01/2023,25.33,47823400,25.03,25.92,24.97,760
03/02/2023,26.2,48381070,25.211,26.3,25.12,761
03/03/2023,26.4,36744860,26.2,26.475,26.01,762
03/06/2023,25.99,37879840,26.47,26.54,25.93,763
03/07/2023,25.53,43164610,25.84,25.99,25.5,764
03/08/2023,25.98,36071930,25.56,26.01,25.45,765
03/09/2023,26.44,54886080,25.98,26.9773,25.97,766
03/10/2023,27.22,65187030,26.55,27.52,26.315,767
03/13/2023,26.95,50977000,26.74,27.31,26.61,768
03/14/2023,28.01,47689840,27.35,28.1,27.25,769
03/15/2023,28.41,49322840,27.73,28.495,27.66,770
03/16/2023,30.18,75804230,28.39,30.27,28.39,771
03/17/2023,29.81,80628500,29.92,31,29.44,772
03/20/2023,29.16,38780050,29.8,29.9,28.63,773
03/21/2023,28.46,55650830,29,29.165,27.975,774
03/22/2023,28.13,37415540,28.48,29.12,28.1,775
03/23/2023,29.03,43785480,28.38,29.16,28.22,776
03/24/2023,29.36,55931610,29.04,29.81,28.925,777
03/27/2023,29.18,34758160,29.37,29.73,29.08,778
03/28/2023,29.29,37407870,29.075,29.33,28.63,779
03/29/2023,31.52,85556190,29.77,31.89,29.755,780
03/30/2023,32.09,70077600,31.85,32.58,31.81,781
03/31/2023,32.67,59764990,31.8,32.9,31.73,782
04/03/2023,32.89,57038340,32.94,33.56,32.54,783
04/04/2023,33.1,55714060,32.85,33.84,32.84,784
04/05/2023,32.83,39615740,32.795,32.99,32.335,785
04/06/2023,32.81,28551920,32.6,33,32.46,786
04/10/2023,32.52,30534440,32.6,32.76,32.2,787
04/11/2023,32.35,27059110,32.66,33.11,32.32,788
04/12/2023,32.02,37070790,32.77,32.89,31.96,789
04/13/2023,32.13,29722340,31.82,32.43,31.65,790
04/14/2023,31.89,24623630,32,32.235,31.69,791
04/17/2023,32.14,29601150,31.95,32.64,31.77,792
04/18/2023,31.83,26041380,32.43,32.46,31.78,793
04/19/2023,31.15,25746570,31.1,31.52,31.08,794
04/20/2023,30.86,30255070,30.76,31.25,30.71,795
04/21/2023,30.3,28655760,30.84,30.84,30.225,796
04/24/2023,29.66,38732450,30.13,30.37,29.61,797
04/25/2023,28.88,38289870,29.44,29.57,28.87,798
04/26/2023,29.05,41218810,29.2,29.81,28.835,799
04/27/2023,29.86,60186240,28.75,29.945,28.51,800
04/28/2023,31.06,80252440,31.975,32.57,30.81,801
05/01/2023,30.3,36918530,31.11,31.24,30.28,802
05/02/2023,29.77,33463360,30.3,30.575,29.75,803
05/03/2023,30.65,45554490,30.64,31.11,30.245,804
05/04/2023,31.24,46104020,30.435,31.72,30.38,805
05/05/2023,30.99,35024560,31.38,31.41,30.73,806
05/08/2023,30.77,30882800,30.7,30.84,30.39,807
05/09/2023,30.1,30706520,30.38,30.58,29.91,808
05/10/2023,29.97,40526520,30.29,30.3959,29.49,809
05/11/2023,28.86,47144360,29.6,29.68,28.82,810
05/12/2023,28.95,24153820,29.025,29.1,28.72,811
05/15/2023,29.8,28717480,28.9,29.825,28.88,812
05/16/2023,29.22,22812040,29.62,29.9,29.21,813
05/17/2023,28.87,41667260,29.52,29.56,28.68,814
05/18/2023,29.68,36529190,29,29.76,28.87,815
05/19/2023,29.93,40683000,29.6,30.24,29.5,816
05/22/2023,30.28,28693440,29.85,30.45,29.815,817
05/23/2023,29.51,29400850,30.05,30.195,29.49,818
05/24/2023,29,28045840,29.31,29.49,28.82,819
05/25/2023,27.4,78009440,28.29,28.29,26.855,820
05/26/2023,29,71910620,27.44,29.09,27.1,821
05/30/2023,29.99,54874790,29.7,30.0399,28.995,822
05/31/2023,31.44,136243800,29.7,32.29,29.67,823
06/01/2023,31.13,52667370,31.8,31.94,31.02,824
06/02/2023,31.31,36520960,31.398,31.5899,30.825,825
06/05/2023,29.86,48244130,31.31,31.4,29.83,826
06/06/2023,30.96,42295290,29.77,31.45,29.695,827
06/07/2023,31.28,39097990,31.03,31.37,30.93,828
06/08/2023,31.82,35198950,31.43,31.85,31.06,829
06/09/2023,31.34,40227070,31.93,31.99,30.68,830
06/12/2023,33.07,59926110,31.4,33.3,31.36,831
06/13/2023,33.91,51990040,33.77,33.95,33.07,832
06/14/2023,35.58,74404290,33.87,35.6,33.8,833
06/15/2023,35.82,67676300,35.28,36.42,35.215,834
06/16/2023,36.37,110240300,36.36,36.795,35.595,835
06/20/2023,35,65970240,36.77,37.11,34.715,836
06/21/2023,32.9,70973520,34.915,35.05,32.83,837
06/22/2023,32.71,45740310,32.69,33.24,32.125,838
06/23/2023,33,46327140,32.21,33.45,32.03,839
06/26/2023,33.34,38952370,33.19,33.99,33.095,840
06/27/2023,34.1,33038920,33.22,34.23,33.01,841
06/28/2023,33.57,33906880,33.61,33.81,33.035,842
06/29/2023,32.91,38312970,33.34,33.34,32.49,843
06/30/2023,33.44,33811250,33.359,33.56,33.16,844
07/03/2023,33.62,15731660,33.54,33.89,33.14,845
07/05/2023,32.51,37664720,33.31,33.33,32.5,846
07/06/2023,31.97,41711440,31.9,32.04,31.38,847
07/07/2023,31.85,28356250,32,32.41,31.82,848
07/10/2023,32.74,36305660,31.87,32.83,31.77,849
07/11/2023,33.3,28148830,32.82,33.36,32.5,850
07/12/2023,33.98,37762220,33.69,34.08,33.06,851
07/13/2023,33.87,32745750,34.15,34.3,33.62,852
07/14/2023,33.15,30438660,33.78,33.87,33,853
07/17/2023,34.37,34111170,33.16,34.6,33.07,854
07/18/2023,34.5,29679510,34.28,34.7,33.83,855
07/19/2023,34.46,26486680,34.4,34.835,34.33,856
07/20/2023,33.37,37878000,33.704,34.205,33.23,857
07/21/2023,34.02,79736960,33.725,34.25,33.42,858
07/24/2023,33.63,25283780,33.84,34.46,33.56,859
07/25/2023,34.1,31771090,33.7,34.34,33.4,860
07/26/2023,34.36,32643240,33.72,34.525,33.7,861
07/27/2023,34.55,58890820,34.82,35.03,34.11,862
07/28/2023,36.83,90863010,36.75,36.99,35.51,863
07/31/2023,35.77,55630700,36.87,37.19,35.675,864
08/01/2023,35.8,24743390,35.82,36.02,35.28,865
08/02/2023,34.39,39051970,35.15,35.18,34.281,866
08/03/2023,34.87,24864380,34.29,35.03,34.13,867
08/04/2023,35.14,26674900,34.48,35.56,34.48,868
08/07/2023,35.23,22486870,35.41,35.55,34.75,869
08/08/2023,35.02,34753600,34.67,35.1,33.86,870
08/09/2023,34.28,28720160,35,35.0999,34.23,871
08/10/2023,34.68,30957300,34.7,35.09,34.48,872
08/11/2023,34.89,28783730,34.46,34.945,34.36,873
08/14/2023,35.68,36896060,34.67,35.71,34.47,874
08/15/2023,34.77,27420310,35.41,35.625,34.75,875
08/16/2023,33.53,35757250,34.52,34.63,33.46,876
08/17/2023,32.58,39906740,33.56,33.59,32.35,877
08/18/2023,32.75,23701060,32.23,32.91,32.18,878
08/21/2023,33.14,43718250,32.6,33.17,32.02,879
08/22/2023,32.89,23434190,33.22,33.8,32.83,880
08/23/2023,33.98,32324310,32.88,34.15,32.8,881
08/24/2023,32.59,37930960,33.72,34.09,32.49,882
08/25/2023,33.25,27324810,32.53,33.395,32.35,883
08/28/2023,33.62,22341780,33.5,33.78,33.21,884
08/29/2023,34.31,29943630,33.49,34.48,33.47,885
08/30/2023,34.53,26279160,34.06,34.66,33.775,886
08/31/2023,35.14,48157580,34.32,35.56,34.3,887
09/01/2023,36.61,43808480,35.79,36.75,35.73,888
09/05/2023,36.71,43379360,36.58,37.41,36.46,889
09/06/2023,36.98,39643390,36.56,37.04,36.03,890
09/07/2023,38.18,67659680,36.83,38.34,36.7502,891
09/08/2023,38.01,44265050,38.12,38.83,37.7125,892
09/11/2023,38.59,36349290,38.24,38.74,37.84,893
09/12/2023,38.86,55326560,38.65,40.0681,38.65,894
09/13/2023,38.71,35407780,38.8,39.1499,38.25,895
09/14/2023,38.67,30616490,38.81,38.9,38.295,896
09/15/2023,37.88,68881240,38.42,38.52,37.62,897
09/18/2023,37.99,29322150,37.62,38.39,37.51,898
09/19/2023,36.34,53288070,38.04,38.1,36.02,899
09/20/2023,34.69,57660830,36.22,36.25,34.63,900
09/21/2023,34.65,45240630,34.57,35.25,34.46,901
09/22/2023,34.18,29241610,34.81,34.885,34.14,902
09/25/2023,34.29,21729420,34,34.37,33.765,903
09/26/2023,33.83,34198290,34.14,34.78,33.64,904
09/27/2023,34.61,44369070,33.92,34.825,33.88,905
09/28/2023,35.18,32265280,34.65,35.6564,34.38,906
09/29/2023,35.55,28763710,35.648,35.91,35.155,907
10/02/2023,35.46,26086160,35.61,35.975,34.98,908
10/03/2023,35.69,45292630,35.265,36.54,35.265,909
10/04/2023,35.93,39842200,36.52,36.52,35.325,910
10/05/2023,35.89,25771230,35.97,36.1,35.6,911
10/06/2023,36.19,33262160,35.87,36.46,35.18,912
10/09/2023,36.06,19376140,35.7,36.17,35.5,913
10/10/2023,36.43,24044100,36.14,36.74,35.805,914
10/11/2023,36.88,19262600,36.62,37.03,36.38,915
10/12/2023,36.84,23639230,36.8,37.22,36.39,916
10/13/2023,35.97,28408440,36.74,36.79,35.86,917
10/16/2023,36.56,29555780,36.14,36.94,36.08,918
10/17/2023,36.06,24993560,35.92,36.35,35.07,919
10/18/2023,35.64,22085950,35.524,36.02,35.45,920
10/19/2023,35.67,29201850,35.96,36.36,35.52,921
10/20/2023,34.92,32303330,35.65,36.28,34.87,922
10/23/2023,33.85,53924660,34.6,35.19,33.39,923
10/24/2023,34.59,52673860,33.64,34.71,33.64,924
10/25/2023,32.83,44658460,34.18,34.45,32.55,925
10/26/2023,32.52,59142510,32.89,33.22,32.145,926
10/27/2023,35.54,84128210,34.66,36.38,34.6,927
10/30/2023,35.69,36656270,35.465,35.96,34.92,928
10/31/2023,36.5,41185210,35.66,36.57,35.62,929
11/01/2023,37.29,41710710,36.5,37.315,36.28,930
11/02/2023,37.7,35439960,37.58,37.82,36.91,931
11/03/2023,38.14,30502740,38,38.32,37.665,932
11/06/2023,37.95,23877200,38.02,38.2,37.855,933
11/07/2023,38.77,32052040,38.24,38.9,37.98,934
11/08/2023,37.92,33483360,38.85,38.89,37.7492,935
11/09/2023,37.8,48955770,38.05,38.515,37.77,936
11/10/2023,38.86,38871280,38.24,38.99,38.24,937
11/13/2023,38.23,24558260,38.35,38.565,38.14,938
11/14/2023,39.41,45457360,38.8,39.49,38.07,939
11/15/2023,40.61,47392140,39.585,40.84,39.58,940
11/16/2023,43.35,86405690,41,43.395,40.82,941
11/17/2023,43.81,49749720,42.91,43.81,42.56,942
11/20/2023,44.74,44596400,43.78,44.93,43.78,943
11/21/2023,43.64,37252060,44.5,44.6612,43.3,944
11/22/2023,43.67,31490550,44.03,44.63,43.54,945
11/24/2023,43.96,13037110,43.68,44,43.61,946
11/27/2023,44.08,33339940,43.65,44.545,43.65,947
11/28/2023,44.23,24548870,43.69,44.3827,43.66,948
11/29/2023,44.94,38982030,44.6,45.34,44.6,949
11/30/2023,44.7,46262970,44.65,45.09,44.41,950
12/01/2023,43.74,43928370,44.36,44.36,42.86,951
12/04/2023,42.35,50417590,43.3,43.31,41.685,952
12/05/2023,41.92,31859320,41.91,42.29,41.61,953
12/06/2023,41.27,31992260,42.48,42.59,41.17,954
12/07/2023,42.15,29118700,41.75,42.435,41.1801,955
12/08/2023,42.7,42814960,41.84,42.955,41.81,956
12/11/2023,44.54,48288160,43.16,44.73,43.08,957
12/12/2023,44.04,31452160,44.36,44.44,43.63,958
12/13/2023,44.57,35216050,44.08,44.72,43.33,959
12/14/2023,45.18,70620770,45.01,47.07,44.65,960
12/15/2023,46.16,84583410,45.94,47.27,45.67,961
12/18/2023,45.69,27895650,46.15,46.23,45.4,962
12/19/2023,46.66,35358770,45.6,46.68,45.51,963
12/20/2023,45.76,38159140,46.64,46.95,45.7,964
12/21/2023,47.08,28320460,46.48,47.12,46.02,965
12/22/2023,48,30095730,47.25,48.1557,47.2,966
12/26/2023,50.5,60287410,48.92,50.515,48.71,967
12/27/2023,50.76,52148040,50.63,51.28,50.19,968
12/28/2023,50.39,27705230,50.81,50.87,50.16,969
12/29/2023,50.25,29288710,50.3,50.5699,49.77,970
01/02/2024,47.8,45905730,49.2,49.38,47.4527,971
01/03/2024,47.05,35858430,47.1,47.81,46.8,972
01/04/2024,46.87,47797810,45.715,47.16,45.24,973
01/05/2024,46.89,34344030,47.03,47.83,46.635,974
01/08/2024,48.45,42135130,47.07,48.76,46.97,975
01/09/2024,48.05,30097010,48.01,48.56,47.795,976
01/10/2024,47.47,31480190,48.24,48.3,46.94,977
01/11/2024,47.64,31707880,47.44,47.84,46.73,978
01/12/2024,47.12,27587900,47.6,47.67,46.61,979
01/16/2024,47.06,43720670,46.98,47.22,46.38,980
01/17/2024,46.06,33488020,46.4151,46.4151,45.65,981
01/18/2024,46.74,46681350,47.03,47.57,46.17,982
01/19/2024,48.15,55979800,47,48.76,46.44,983
01/22/2024,48.22,45639520,48.85,49.17,47.64,984
01/23/2024,48.89,37224140,48.12,48.94,47.32,985
01/24/2024,49.09,49375830,49.17,49.77,48.265,986
01/25/2024,49.55,84845090,50,50.3,48.97,987
01/26/2024,43.65,127665300,44.18,45.41,43.35,988
01/29/2024,43.84,51790860,43.71,43.99,42.81,989
01/30/2024,42.92,47958760,43.67,43.82,42.89,990
01/31/2024,43.08,51584250,42.57,43.785,42.36,991
02/01/2024,43.36,38819860,43.15,43.57,42.485,992
02/02/2024,42.6,53683500,43,43.14,41.6,993
02/05/2024,42.77,28890260,42.62,43.15,42.425,994
02/06/2024,42.74,34068220,42.7,42.78,42.14,995
02/07/2024,42.78,34269250,42.89,43.095,42.55,996
02/08/2024,42.5,33206470,42.72,42.97,42.33,997
02/09/2024,43.31,51192960,42.55,43.52,42.395,998
02/12/2024,44.03,51107350,43.39,45.04,43.32,999
02/13/2024,43.16,36622230,43,43.63,42.76,1000
02/14/2024,44.19,36186230,43.82,44.29,43.39,1001
02/15/2024,44.05,44024510,44.755,45.27,44.02,1002
02/16/2024,43.51,29975300,44.03,44.2199,43.12,1003
02/20/2024,44.52,61514140,44.26,45.17,43.42,1004
02/21/2024,43.47,57714970,44.48,44.69,43.08,1005
02/22/2024,42.98,62809320,44.68,44.68,42.53,1006
02/23/2024,42.99,33810710,43.125,43.51,42.66,1007
02/26/2024,42.99,27035380,43.5,43.68,42.82,1008
02/27/2024,42.73,25126370,43.25,43.265,42.51,1009
02/28/2024,41.99,26928470,42.44,42.45,41.91,1010
02/29/2024,43.05,48875120,42.37,43.15,42.3551,1011
03/01/2024,43.82,41426070,43.41,44.2698,43.13,1012
03/04/2024,45.61,59990810,44.27,46.61,43.85,1013
03/05/2024,43.16,56655140,44.56,44.8675,42.69,1014
03/06/2024,44.51,52652050,43.93,45.505,43.555,1015
03/07/2024,46.15,50378150,45.55,46.4199,45.18,1016
03/08/2024,44,54916600,46.44,46.6277,44,1017
03/11/2024,44.86,35050990,43.87,44.93,43.66,1018
03/12/2024,45.24,31795830,45.06,45.265,44.46,1019
03/13/2024,43.23,53195930,44.51,44.98,43.2,1020
03/14/2024,42.75,38100020,43.23,43.35,42.51,1021
03/15/2024,42.64,66952860,42.45,43.15,42.35,1022
03/18/2024,42.71,27668280,43.09,43.38,42.595,1023
03/19/2024,42.05,34672950,42.25,42.29,41.44,1024
03/20/2024,42.2,74864990,42.99,43.01,41.41,1025
03/21/2024,42.42,50807590,42.99,43.6,42.32,1026
03/22/2024,42.57,28503060,42.25,42.8,42.09,1027
03/25/2024,41.83,47276530,40.89,42.215,40.57,1028
03/26/2024,41.99,39109650,41.95,42.265,41.655,1029
03/27/2024,43.77,51017830,42.54,43.83,42.5,1030
03/28/2024,44.17,54204190,43.76,44.6,43.71,1031
04/01/2024,44.52,31712590,44.29,45.41,44.18,1032
04/02/2024,43.94,32748360,43.925,44.08,43.5,1033
04/03/2024,40.33,83717980,41.4,41.65,40.22,1034
04/04/2024,39.73,57307230,40.59,40.7798,39.7,1035
04/05/2024,38.71,67263040,39.35,39.46,38.51,1036
04/08/2024,37.98,56967790,38.64,38.86,37.91,1037
04/09/2024,38.33,78782980,38.05,38.58,37.325,1038
04/10/2024,37.2,51108380,38.02,38.2211,37.02,1039
04/11/2024,37.63,41909090,37.43,37.67,37.08,1040
04/12/2024,35.69,80254790,36.69,36.7,35.605,1041
04/15/2024,36.31,50751560,36.04,36.7,35.89,1042
04/16/2024,36.26,30607500,36.27,36.51,35.764,1043
04/17/2024,35.68,41173350,36.1,36.1297,35.37,1044
04/18/2024,35.04,42334400,35.42,35.66,34.77,1045
04/19/2024,34.2,59070310,35.13,35.13,34.18,1046
04/22/2024,34.41,39909930,34.415,34.57,34.075,1047
04/23/2024,34.28,46834040,34.335,34.6,34.18,1048
04/24/2024,34.5,53261100,34.86,35.18,34.34,1049
04/25/2024,35.11,66549400,34.56,35.295,34.5,1050
04/26/2024,31.88,119742500,31.78,32.24,30.64,1051
04/29/2024,31.36,58533260,31.86,31.91,31.07,1052
04/30/2024,30.47,72346360,31.04,31.175,30.42,1053
05/01/2024,30.37,60654760,30.17,31.035,30.02,1054
05/02/2024,30.51,50899440,30.59,30.67,30.19,1055
05/03/2024,30.9,36794830,30.98,31.055,30.7,1056
05/06/2024,30.97,36185570,31.115,31.2,30.73,1057
05/07/2024,30.68,44683400,31.09,31.45,30.61,1058
05/08/2024,30,63734600,30,30.15,29.73,1059
05/09/2024,30.09,45003400,29.93,30.385,29.805,1060
05/10/2024,29.85,42931290,30.33,30.455,29.84,1061
05/13/2024,30.51,51459140,30.03,31.13,30,1062
05/14/2024,31.05,47759860,30.62,31.11,30.61,1063
05/15/2024,31.27,36992930,31.38,31.4,30.81,1064
05/16/2024,32.03,47752830,31.63,32.26,31.52,1065
05/17/2024,31.83,41449780,32.06,32.11,31.59,1066
05/20/2024,32.1,31989000,31.85,32.42,31.76,1067
05/21/2024,31.74,42975360,31.98,32.24,31.62,1068
05/22/2024,31.42,36706440,31.91,32.066,31.095,1069
05/23/2024,30.08,62014550,31.445,31.57,29.87,1070
05/24/2024,30.72,42434490,30.29,31.02,30.1301,1071
05/28/2024,31.06,36799150,30.94,31.3695,30.655,1072
05/29/2024,30.13,35848610,30.465,30.67,30.105,1073
05/30/2024,30.19,33382760,30.21,30.5,30.06,1074
05/31/2024,30.85,95797530,30.22,30.96,29.94,1075
06/03/2024,30.29,35544900,31.03,31.065,30.05,1076
06/04/2024,30.03,51027180,30.75,30.75,29.94,1077
06/05/2024,30.78,44161660,30.269,30.835,30.01,1078
06/06/2024,30.42,34248120,30.552,30.59,30.16,1079
06/07/2024,30.74,34085530,30.25,30.78,30.205,1080
06/10/2024,30.91,37445810,30.55,30.95,30.285,1081
06/11/2024,30.92,25326850,30.77,31.03,30.53,1082
06/12/2024,30.76,51323940,31.455,31.48,30.3899,1083
06/13/2024,30.46,33787160,30.38,30.58,30.14,1084
06/14/2024,30.45,28125890,30.285,30.56,30.21,1085
06/17/2024,30.98,36235320,30.34,31,30.18,1086
06/18/2024,30.63,33294750,30.99,31.47,30.5,1087
06/20/2024,30.62,43826320,30.555,31.11,30.45,1088
06/21/2024,31.09,92549020,30.85,31.36,30.6701,1089
06/24/2024,30.57,40611790,31.14,31.42,30.53,1090
06/25/2024,30.74,29498580,30.7,30.83,30.2901,1091
06/26/2024,30.54,30742980,30.64,30.68,30.2731,1092
06/27/2024,30.59,30184280,30.42,30.6582,30.285,1093
06/28/2024,30.97,41467680,30.75,31.31,30.72,1094
07/01/2024,30.84,32401760,30.91,31.02,30.61,1095
07/02/2024,31.07,35999280,30.855,31.31,30.585,1096
07/03/2024,31.23,24065670,31.12,31.34,30.91,1097
07/05/2024,32.02,45309450,31.4,32.34,31.3114,1098
07/08/2024,33.99,82315940,33.03,34.09,32.82,1099
07/09/2024,34.59,97788840,35.015,35.22,33.72,1100
07/10/2024,34.87,52256200,34.44,34.97,34.13,1101
07/11/2024,33.5,55213670,35.031,35.15,33.31,1102
07/12/2024,34.49,62792650,33.77,35.475,33.77,1103
07/15/2024,34.46,39847920,34.7,35.225,34.31,1104
07/16/2024,34.34,28409910,34.36,34.45,33.835,1105
07/17/2024,34.46,112304200,36.08,37.16,34.4,1106
07/18/2024,34.87,84188610,34.96,36.3,34.53,1107
07/19/2024,32.98,69628650,34.565,34.58,32.85,1108
07/22/2024,33.37,48503750,33.28,33.41,32.76,1109
07/23/2024,32.95,29466370,32.96,33.23,32.83,1110
07/24/2024,31.7,62216670,32.535,32.8,31.66,1111
07/25/2024,31.1,49774030,31.372,31.985,30.95,1112
07/26/2024,31.35,38352540,31.43,31.56,31.02,1113
07/29/2024,30.83,32342200,31.42,31.47,30.79,1114
07/30/2024,30.13,48256630,30.845,30.91,30.005,1115
07/31/2024,30.74,56110610,30.54,30.87,30.28,1116
08/01/2024,29.05,107672500,30.43,30.71,28.89,1117
08/02/2024,21.48,300895900,21.94,21.98,20.42,1118
08/05/2024,20.11,147385700,20.2,20.385,19.2934,1119
08/06/2024,19.83,106670400,20.32,20.63,19.75,1120
08/07/2024,18.99,97972290,19.92,20.25,18.95,1121
08/08/2024,20.49,96836820,19.1,20.55,18.84,1122
08/09/2024,19.71,76394550,20.08,20.15,19.5,1123
08/12/2024,19.36,54677580,19.87,19.97,19,1124
08/13/2024,20.47,77511350,19.48,20.48,19.47,1125
08/14/2024,19.92,56758180,20.485,20.5,19.785,1126
08/15/2024,20.69,84814880,20.32,21.06,20.23,1127
08/16/2024,20.87,48582660,20.53,20.895,20.4101,1128
08/19/2024,21.52,65956300,20.885,21.86,20.835,1129
08/20/2024,20.99,84161270,21.21,21.23,20.82,1130
08/21/2024,21.41,57028870,21.072,21.44,21.07,1131
08/22/2024,20.1,81444670,21.39,21.4,20.04,1132
08/23/2024,20.54,73398430,20.32,20.93,20.26,1133
08/26/2024,20.13,58534790,20.53,20.56,19.95,1134
08/27/2024,20.07,43862020,20.13,20.26,19.84,1135
08/28/2024,19.61,50144890,19.98,20.105,19.51,1136
08/29/2024,20.13,64529660,19.76,20.6,19.75,1137
08/30/2024,22.04,177785400,21.25,22.12,21,1138
09/03/2024,20.1,115305500,21.54,21.69,19.99,1139
09/04/2024,19.43,85871890,19.76,20.045,19.28,1140
09/05/2024,19.4,65388790,19.28,19.9,19.24,1141
09/06/2024,18.89,92686460,19.44,19.49,18.64,1142
09/09/2024,19.07,64244130,19,19.54,18.95,1143
09/10/2024,18.98,55621270,19.03,19.11,18.51,1144
09/11/2024,19.64,71403140,19.01,19.69,18.52,1145
09/12/2024,19.36,51602920,19.43,19.54,19.04,1146
09/13/2024,19.66,44236270,19.49,19.8,19.49,1147
09/16/2024,20.91,149337000,20.03,21.0699,19.76,1148
09/17/2024,21.47,196249800,21.71,22.58,21.24,1149
09/18/2024,20.77,118727900,21.36,21.74,20.715,1150
09/19/2024,21.14,99829170,21.28,21.69,21.03,1151
09/20/2024,21.84,260377900,20.89,23.14,20.35,1152
09/23/2024,22.56,184439100,22.43,22.82,22.03,1153
09/24/2024,22.81,113082500,22.53,23.105,22.285,1154
09/25/2024,23.54,117013400,22.8,24.055,22.73,1155
09/26/2024,23.92,95416940,24.28,24.42,23.25,1156
09/27/2024,23.91,85883280,24.16,24.66,23.7034,1157
09/30/2024,23.46,66460230,23.74,23.95,23.09,1158
10/01/2024,22.69,86344360,23.46,23.72,22.255,1159
10/02/2024,22.39,59033900,22.67,23.0668,22.35,1160
10/03/2024,22.26,49565930,22.14,22.73,21.65,1161
10/04/2024,22.59,49966930,22.7,22.91,22.3,1162
10/07/2024,22.38,54928670,22.4,22.65,22.0209,1163
10/08/2024,23.32,58650460,22.25,23.42,22.045,1164
10/09/2024,23.46,44759020,23.25,23.48,23.06,1165
10/10/2024,23.22,44874580,23.19,23.53,22.96,1166
10/11/2024,23.56,43585250,23.05,23.82,22.98,1167
10/14/2024,23.44,35403650,23.58,23.77,23.2701,1168
10/15/2024,22.66,68900560,23.41,23.72,22.47,1169
10/16/2024,22.31,62151770,22.38,22.54,21.74,1170
10/17/2024,22.44,43807580,22.72,22.82,22.4,1171
10/18/2024,22.77,39971700,22.61,22.82,22.5,1172
10/21/2024,22.84,39726990,22.61,22.88,22.25,1173
10/22/2024,22.4,50160380,22.73,22.82,22.17,1174
10/23/2024,21.98,45799050,22.3,22.425,21.575,1175
10/24/2024,22.34,40554420,22.09,22.365,21.97,1176
10/25/2024,22.68,67502980,22.42,23.3399,22.41,1177
10/28/2024,22.92,41914970,22.67,23.27,22.56,1178
10/29/2024,22.9,83422240,22.87,23.14,22.41,1179
10/30/2024,22.3,50941230,22.415,22.93,22.26,1180
10/31/2024,21.52,112485500,22.15,22.25,21.47,1181
11/01/2024,23.2,173471100,23,23.58,21.91,1182
11/04/2024,22.52,84616300,22.96,23,22,1183
11/05/2024,23.32,59153330,22.58,23.58,22.4,1184
11/06/2024,25.05,116760500,24.3,25.12,24.05,1185
11/07/2024,26.23,101489300,25.43,26.3799,25.19,1186
11/08/2024,26.2,76427980,26,26.43,25.83,1187
11/11/2024,25.05,80185320,25.96,26.2863,24.83,1188
11/12/2024,24.16,62539730,24.66,24.96,23.89,1189
11/13/2024,24.92,58201970,24.06,25.14,24.02,1190
11/14/2024,25.03,49252120,25.12,25.61,24.9346,1191
11/15/2024,24.35,55104880,24.81,24.82,24.23,1192
11/18/2024,24.84,59667330,24.33,25.02,24.16,1193
11/19/2024,24.2,61190860,24.5,24.54,24.095,1194
11/20/2024,24.01,50191510,24.07,24.21,23.55,1195
11/21/2024,24.44,58928410,24.08,24.77,23.83,1196
11/22/2024,24.5,36784720,24.35,24.68,24.14,1197
11/25/2024,24.87,91128390,25.04,25.565,24.76,1198
11/26/2024,24.05,69613560,24.95,24.985,23.81,1199
11/27/2024,23.65,53992320,23.83,23.93,23.06,1200
11/29/2024,24.05,36616750,23.72,24.28,23.6,1201
12/02/2024,23.93,150497900,24.84,25.48,23.44,1202
12/03/2024,22.47,138160500,23.68,23.75,22.44,1203
12/04/2024,21.96,104649000,22.53,22.54,21.81,1204
12/05/2024,20.8,167993500,22.04,22.19,20.66,1205
12/06/2024,20.92,78539130,20.95,21.05,20.66,1206
12/09/2024,20.81,68818220,20.92,21.06,20.73,1207
12/10/2024,20.16,90004830,20.83,20.86,19.96,1208
12/11/2024,20.12,75209340,20.14,20.25,19.87,1209
12/12/2024,20.78,77695010,20.02,20.9,19.92,1210
12/13/2024,20.34,55104080,20.6,20.8,20.25,1211
12/16/2024,20.83,73832890,20.17,21.1,20,1212
12/17/2024,20.44,51767150,20.64,20.77,20.2925,1213
12/18/2024,19.3,86041240,20.48,20.58,19.21,1214
12/19/2024,19.06,69117810,19.53,19.69,19.03,1215
12/20/2024,19.52,108453700,18.97,19.76,18.9,1216
12/23/2024,20.2,57988380,19.58,20.23,19.52,1217
12/24/2024,20.4,29884030,20.22,20.4,19.96,1218
12/26/2024,20.44,39950380,20.23,20.665,20.08,1219
12/27/2024,20.3,48260830,20.21,20.605,20.09,1220
12/30/2024,19.82,59608130,20.01,20.115,19.73,1221
12/31/2024,20.05,49846660,19.99,20.4,19.88,1222
01/02/2025,20.22,46438530,20.23,20.43,20,1223
01/03/2025,20.56,48983940,20.39,20.665,20.06,1224
01/06/2025,19.87,83270990,20.83,20.98,19.78,1225
01/07/2025,20.01,61726060,20.02,20.34,19.9,1226
01/08/2025,19.88,47897070,19.825,20.12,19.71,1227
01/10/2025,19.15,71244580,19.66,19.66,18.91,1228
01/13/2025,19.2,50668970,18.92,19.249,18.73,1229
01/14/2025,19.2,47147530,19.36,19.52,18.82,1230
01/15/2025,19.72,56305990,19.4,19.77,19.171,1231
01/16/2025,19.67,44898060,19.75,19.95,19.4,1232
01/17/2025,21.49,166483900,21.26,21.62,20.79,1233
01/21/2025,21.77,96262180,22.03,22.41,21.75,1234
01/22/2025,21.86,60972580,21.725,22.285,21.57,1235
01/23/2025,21.57,55778160,21.69,21.75,21.35,1236
01/24/2025,20.83,66300610,21.36,21.41,20.75,1237
01/27/2025,20.29,83582100,20.81,21.06,20.14,1238
01/28/2025,19.8,73411390,20.34,20.342,19.74,1239
01/29/2025,19.75,86506820,19.87,20.08,19.66,1240
01/30/2025,20.01,108167000,19.72,20.1,19.43,1241
01/31/2025,19.43,117474900,20.1,20.33,19.38,1242
02/03/2025,19.38,77523140,18.97,19.75,18.78,1243
02/04/2025,19.29,54098200,19.1,19.53,19.02,1244
02/05/2025,19.65,66250250,19.19,19.77,18.91,1245
02/06/2025,19.38,45553770,19.51,19.7,19.22,1246
02/07/2025,19.1,58277920,19.35,19.36,19.03,1247
02/10/2025,19.77,73007270,19.25,20.08,19.24,1248
02/11/2025,20.97,150960700,19.87,21.88,19.8618,1249
02/12/2025,22.48,162631200,21.98,22.56,20.93,1250
02/13/2025,24.13,248661300,22.84,24.83,22.79,1251
02/14/2025,23.6,230254100,24.36,25.19,22.86,1252
02/18/2025,27.39,284292200,24.6,27.55,24.49,1253
02/19/2025,25.72,151881700,25.98,26.33,25.46,1254
02/20/2025,26.09,144939600,25.56,26.12,24.48,1255
02/21/2025,24.87,111630900,25.96,26.29,24.84,1256
02/24/2025,24.27,91358070,24.55,24.8,23.62,1257